Barcode,ImageLink,ProductName,Category,Brand,Price,Ingredients,SkinCondition,AdditionalProperties,RatingScore
8809640732829,https://cdn.myshoptet.com/usr/www.skinandcare.cz/user/shop/big/1731-3_anua-heartleaf-pore-control-cleansing-oil-200ml.png?656f948f,Anua - Heartleaf Pore Control Cleansing Oil 200Ml,Cleansing,Anua,13.00,"Ethylhexyl Palmitate, Sorbeth-30 Tetraoleate, Sorbitan Sesquioleate, Caprylic/Capric Triglyceride, Butyl Avocadate, Fragrance, Helianthus Annuus (Sunflower) Seed Oil, Macadamia Ternifolia Seed Oil, Olea Europaea (Olive) Fruit Oil, Simmondsia Chinensis (Jojoba) Seed Oil, Vitis Vinifera (Grape) Seed Oil, Caprylyl Glycol, Ethylhexylglycerin, Curcuma Longa (Turmeric) Root Extract, Melia Azadirachta Flower Extract, Tocopherol, Melia Azadirachta Leaf Extract, Houttuynia Cordata Extract, Corallina Officinalis Extract, Melia Azadirachta Bark Extract, Moringa Oleifera Seed Oil, Ocimum Sanctum Leaf Extract","Dry, Oily, Combination, Normal","Sensitive, Acne",0
8809640734427,http://theskincarelibrary.com/cdn/shop/files/AnuaHeartleafQuercetinolPoreDeepCleansingFoam.webp?v=1691646109,Anua - Heartleaf Quercetinol Pore Deep Cleansing Foam 150Ml (Renew),Cleansing,Anua,10.50,"Houttuynia Cordata Extract (33.4%), Quercetin(10,000 ppb), Houttuynia Cordata Extract, Glycerin, Sodium Cocoyl Glycinate, Water, Sodium Lauroyl Glutamate, Coco-Glucoside, Sodium Cocoamphoacetate, Sodium Chloride, 1,2-Hexanediol, Salicylic Acid, Butylene Glycol, Lecithin, Glyceryl Stearate SE, Hydroxypropyl Starch Phosphate, Potassium Benzoate, Polyquaternium-67, Houttuynia Cordata Powder, Quercetin, Oenothera Biennis (Evening Primrose) Flower Extract, Ulmus Davidiana Root Extract, Pinus Palustris Leaf Extract, Pueraria Lobata Root Extract, Capryloyl Salicylic Acid, Tocopherol, Sodium Hyaluronate, Hydroxypropyltrimonium Hyaluronate, Sodium Acetylated Hyaluronate, Hydrolyzed Hyaluronic Acid, Hyaluronic Acid, Sodium Hyaluronate Crosspolymer, Hydrolyzed Sodium Hyaluronate, Potassium Hyaluronate, Dextrin, Gardenia Florida Fruit Extract, Fragrance, Ethylhexylglycerin, Disodium EDTA","Dry, Oily, Combination, Normal","Sensitive, Acne",0
8809634610096,https://koreanmartbd.com/wp-content/uploads/2022/07/73-AXIS-Y-Sunday-Morning-Refreshing-Cleansing-Foam-120ml.jpg,Axis-Y - Sunday Morning Refreshing Cleansing Foam 120Ml,Cleansing,Axis-Y,10.00,"Water, Glycerin, Sodium Cocoyl Isethionate, Sodium Methyl Cocoyl Taurate, Potassium Cocoyl Glycinate, Coco-Betaine, Butylene Glycol, Potassium Cocoate, Sodium Chloride, Potassium Benzoate, Polyquaternium-67, Xylitylglucoside, Citric Acid, Anhydroxylitol, Propanediol, Xylitol, Betula Platyphylla Japonica Juice, Glucose, Camellia Sinensis Leaf Extract, Disodium EDTA, Glycyrrhiza Glabra (Licorice) Root Extract, Agrimonia Eupatoria Extract, 1,2-Hexanediol, Centella Asiatica Extract, Dipropylene Glycol, Allantoin, Perilla Frutescens Leaf Extract, Saponaria Officinalis Extract, Sodium Acetate, Pentylene Glycol, Calendula Officinalis Flower Extract, Kigelia Africana Fruit Extract, Caprylyl Glycol, Natto Gum, Sodium Hyaluronate, Chamomilla Recutita (Matricaria) Flower Extract, Ethylhexylglycerin, Hydroxycinnamic Acid, Rutin",,,0
8809759907545,https://cdn.myshoptet.com/usr/www.kocosbeauty.cz/user/shop/big/1456-1_banila-co-clean-it-zero-cleansing-balm-original-cistici-pletovy-balzam.png?64a6d537,Banila Co - Clean It Zero Cleansing Balm Original 100Ml (2024),Cleansing,Banila Co,13.00,"Ethylhexyl Palmitate, Cetyl Ethylhexanoate, PEG-20 Glyceryl Triisostearate, PEG-10 Isostearate, Synthetic Wax, Onsen-Sui, Phenoxyethanol, Butylene Glycol, Lithospermum Erythrorhizon Root Extract, Tocopheryl Acetate, Fragrance, Ethylhexylglycerin, Water, 1,2-Hexanediol, Bambusa Vulgaris Leaf/Stem Extract Aspalathus Linearis Extract, Angelica Archangelica Root Extract, Malpighia Glabra (Acerola) Fruit Extract, Polydiethyleneglycol Adipate/IPDI Copolymer, Acrylates/Ammonium Methacrylate Copolymer, Acrylates/Methoxy PEG-15 Methacrylate Copolymer","Normal, Combination",,5
8809968130130,https://cosibella.cz/data/gfx/pictures/medium/5/9/13695_1.webp,Beauty of Joseon - Ginseng Cleansing Oil 210Ml,Cleansing,Beauty of Joseon,13.00,,,,0
8809416470511,https://www.kiko-style.cz/fotky28771/fotos/_vyr_10_7YG066CM7KCA.jpg,Cosrx - Low Ph Good Morning Gel Cleanser 150Ml,Cleansing,Cosrx,9.00,"Water, Cocamidopropyl Betaine, Sodium Lauroyl Methyl Isethionate, Sodium Chloride, Polysorbate 20, Styrax Japonicus Branch/Fruit/Leaf Extract, Butylene Glycol, Saccharomyces Ferment, Cryptomeria Japonica Leaf Extract, Nelumbo Nucifera Leaf Extract, Pinus Palustris Leaf Extract, Ulmus Davidiana Root Extract, Oenothera Biennis (Evening Primrose) Flower Extract, Pueraria Lobata Root Extract, Melaleuca Alternifolia (Tea Tree) Leaf Oil, Allantoin, Caprylyl Glycol, Ethylhexylglycerin, Betaine Salicylate, Citric Acid, Ethyl Hexanediol, 1,2-Hexanediol, Trisodium Ethylenediamine Disuccinate, Sodium Benzoate, Disodium EDTA","Dry, Oily, Combination, Normal","Dry, Sensitive, Dull, Uneven",0
8809416471112,https://cosibella.cz/cze_pl_COSRX-Salicylic-Acid-Daily-Gentle-Cleanser-Cistici-pena-s-kyselinou-salicylovou-150-ml-1311_6.webp,Cosrx - Salicylic Acid Daily Gentle Cleanser 150Ml,Cleansing,Cosrx,10.00,"Water, Glycerin, Myristic Acid, Stearic Acid, Potassium Hydroxide, Lauric Acid, Butylene Glycol, Glycol Distearate, Polysorbate 80, Sodium Methyl Cocoyl Taurate, Salicylic Acid, Cocamidopropyl Betaine, PEG-60 Hydrogenated Castor Oil, Fragrance, Sodium Chloride, Melaleuca Alternigolia (Tea Tree) Leaf Oil, Caprylyl Glycol, Ethylhexylglycerin, Salix Alba (Willow) Bark Water, Saccharomyces Ferment, Cryptomeria Japonica Leaf Extract, Nelumbo Nucifera Leaf Extract, Pinus Palustris Leaf Extract, Ulmus Davidiana Root Extract, Oenothera Biennis (Evening Primrose) Flower Extract, Pueraria Lobata Root Extract, 1,2-Hexanediol, Ethyl Hexanediol, Citric Acid, Disodium EDTA","Dry, Oily, Combination, Normal","Oily, Sensitive, Dead, Sebum",0
8809469775137,https://m.media-amazon.com/images/I/4180SCWhKWL.jpg,Farmstay - Green Tea Seed Premium Moisture Foam Cleansing 100ml,Cleansing,Farmstay,7.00,,,,0
8809532221356,https://tse1.mm.bing.net/th?id=OIP.TCpRX4jdnploV1GaaikwNwHaHa&pid=Api,Haruharu Wonder - Black Rice Moisture 5.5 Soft Cleansing Gel 100Ml,Cleansing,Haruharu Wonder,10.00,"Water, Glycerin, Coco-Betaine, Propanediol, Pentylene Glycol, Sodium Chloride, 1,2-Hexanediol, Xanthan Gum, Hydroxyethylcellulose, Potassium Cocoyl Glycinate, Potassium Cocoate, Oryza Sativa (Rice) Extract, Phyllostachys Pubescens Shoot Bark Extract, Panax Ginseng Root Extract, Aspergillus Ferment Extract Filtrate, Beta-Glucan, Butylene Glycol, Trehalose, Citric Acid, Cyclodextrin, Zanthoxylum Piperitum Fruit Extract, Pulsatilla Koreana Extract, Usnea Barbata (Lichen) Extract, Ethylhexylglycerin",,,0
8809481761996,https://ohlolly.com/cdn/shop/products/Ohlolly_Heimish_AllCleanBalm_Mandarin_2.jpg?v=1665163465,Heimish - All Clean Balm Mandarin 120Ml,Cleansing,Heimish,13.00,,,,0
8809481760722,https://image.pobo.cz/images/hyq8hovabynt/9ydhtc16kq2rp2r5iu9y-md.png,Heimish - All Clean Green Foam 150G,Cleansing,Heimish,9.00,,,,0
8809655950041,https://tse3.mm.bing.net/th?id=OIP.HjtePcNmg--XP2gl3fWZBwHaHa&pid=Api,Jumiso - All Day Vitamin Clean & Mild Facial Cleanser 150Ml,Cleansing,Jumiso,10.00,,,,0
8809670680978,https://cdn.myshoptet.com/usr/www.koreanglamour.cz/user/shop/big/1829_mary-may-houttunia-cordata-tea-tree-cleansing-foam-korejska-cistici-pena-150-ml-korejska-kosmetika.png?64a2cc17,Mary & May - Houttuynia Cordata + Tea Tree Cleansing Foam 150Ml,Cleansing,Mary & May,9.00,"Houttuynia Cordata Extract (40.7%), Myristic Acid, Palmitic Acid, Glycerin, Melaleuca Alternifolia (Tea Tree) Extract (6.85%), Stearic Acid, Potassium Hydroxide, Lauric Acid, Water, Beeswax, Dipropylene Glycol, Lauryl Hydroxysultaine, Glyceryl Stearate SE, 1,2-Hexanediol, Hydroxyacetophenone, Butylene Glycol, Caprylyl Glycol, Disodium EDTA, Sodium Hyaluronate, Fragrance",Oily,"Oily, Sensitive, Acne",0
8809670682057,https://www.dodoskin.com/cdn/shop/files/13_dd8746ce-243e-4289-a025-4e393fe0c787.png?v=1698284530&width=3000,Mary & May - Vegan Low Ph Hyaluronic Gel To Foam Cleanser 150Ml,Cleansing,Mary & May,11.00,,,,0
8809670680961,https://cdn.shopify.com/s/files/1/0020/8184/9444/products/cc8a5098c6a9c_750x.jpg?v=1648985396,Mary & May - White Collagen Cleansing Foam  150Ml,Cleansing,Mary & May,9.00,"Hydrolyzed Collagen (46.6%), Myristic Acid, Palmitic Acid, Glycerin, Stearic Acid, Potassium Hydroxide, Lauric Acid, Water, Beeswax, Dipropylene Glycol, Lauryl Hydroxysultaine, Niacinamide (1%), Glyceryl Stearate SE, 1,2-Hexanediol, Hydroxyacetophenone, Butylene Glycol, Caprylyl Glycol, Disodium EDTA, Sodium Hyaluronate, Fragrance",,"Brightening, Anti-Aging",0
8809486680667,https://d1flfk77wl2xk4.cloudfront.net/Assets/82/058/L_p0092005882.jpg,Pyunkang Yul - Acne Facial Cleanser 120Ml,Cleansing,Pyunkang Yul,8.00,Water Cocamidopropyl Betaine Sodium Methyl Oleoyl Taurate PEG-75 Acrylates Copolymer Glycerin Disodium cocoamphodipropionate PEG-120 Methyl Glucose Dioleate Dimethyl Sulfone Pyridoxine HCl Salix Alba (Willow) Bark Extract Forsythia Suspensa Fruit Extract Butylene Glycol Centella Asiatica Extract Polygonum Cuspidatum Root Extract Scutellaria Baicalensis Root Extract Camellia Sinensis Leaf Extract Glycyrrhiza Uralensis (Licorice) Root Extract Chamomilla Recutita (Matricaria) Flower Extract Rosmarinus Officinalis (Rosemary) Leaf Extract Sodium Chloride Copper Tripeptide-1 Allantoin Citric acid Potassium Hydroxide Sodium Benzoate Phenoxyethanol Disodium EDTA,,"Acne, Dead",0
8809486680896,https://d1flfk77wl2xk4.cloudfront.net/Assets/73/251/L_p0112725173.jpg,Pyunkang Yul - Low Ph Pore Deep Cleansing Foam 100Ml,Cleansing,Pyunkang Yul,9.00,"Water,  Sodium Cocoyl Isethionate, Glycerin, Coconut Acid, Polyquaternium-67, 1,2-Hexanediol, Sodium Isethionate, Sodium Methyl Cocoyl Taurate, Litsea Cubeba Fruit Oil, Sodium Chloride, Disodium EDTA, Ethylhexylglycerin, Sodium Acetate, Butylene Glycol, Centella Asiatica Extract, Portulaca Oleracea Extract,  Camellia Sinensis Leaf Extract, Hamamelis Virginiana (Witch Hazel) Extract, Sodium Hyaluronate, Beta-Glucan, Melaleuca Alternifolia (Tea Tree) Leaf Extract, Phaseolus Angularis Seed Extract, Pentylene Glycol, Caprylyl Glycol, Diatomaceous Earth, Isopropyl Alcohol, Citric Acid","Dry, Oily, Combination, Normal","Pore, Dead",0
8809738605677,https://koreanconcept.cz/wp-content/uploads/2023/07/round_lab_1025_dokdo_cleansing_oil_1.webp,Round Lab - (Renewal) Dokdo Cleansing Oil 200Ml,Cleansing,Round Lab,15.00,"Ethylhexyl Stearate, Sorbeth-30 Tetraoleate, Diisostearyl Malate, Ethylhexylglycerin, Purified Water, Evening Primrose Oil, Meadowfoam Seed Oil, Avocado Oil, Grape Seed Oil, Canola Oil, Macadamia Oil, Sea Water, Butylene Glycol, Allantoin, Panthenol, 1,2-Hexanediol, Caprylic/Capric Triglyceride, Phosphatidylcholine, Hyaluronic Acid, Ceramide NP, Glycine, Hydrolyzed Hyaluronic Acid, Glutamic Acid, Serine, Sodium Hyaluronate, Lysine, Alanine, Arginine, Threonine, Proline, Bergamot Oil, Salvia Officinalis (Sage) Oil, Tocopherol, Limonene, Linalool","Dry, Oily, Combination, Normal",Blackhead,0
8809576261127,http://cdn.shopify.com/s/files/1/0553/7205/4621/products/centella-cleanser.png?v=1647298929,Skin1004 - Madagascar Centella Ampoule Foam 125Ml,Cleansing,Skin1004,10.50,,,,0
8809576261653,https://cdn.shopify.com/s/files/1/0020/8184/9444/products/1_c9dfb63b-ecb5-43b1-8bdd-703c92f772c4_1200x1200.webp?v=1665809656,Skin1004 - Madagascar Centella Poremizing Deep Cleansing Foam 125Ml,Cleansing,Skin1004,10.00,"Myristic Acid, Centella Asiatica Extract(20.97%), Glycerin, Water, Potassium Hydroxide, Stearic Acid, Glyceryl Monostearate, Palmitic Acid, Cocamidopropyl Betaine, Sodium C14-16 Olefin Sulfonate, Butylene Glycol, Glucose, 1,2-Hexanediol, Sodium Chloride, Sorbitol, Acrylates/C10-30 Alkyl Acrylate Crosspolymer, Rosmarinus Officinalis (Rosemary) Leaf Oil, Cetearyl Alcohol, Potassium Benzoate, Polyquaternium-67, Papain, Hydrogenated Polydecene, Arachidic Acid, Lauric Acid, Aloe Babadensis Leaf Extract, Sodium Citrate, Propanediol, Citrus Limon Fruit Extract, Pyrus Malus (Apple) Fruit Extract, Vinegar, Coccinia Indica Fruit Extract, Eclipta Prostrata Extract, Trisodium Ethylenediamine Disuccinate, Oleic Acid, Kaolin, Mineral Salt, Citric Acid, Oenothera Biennis (Evening Primrose) Flower Extract, Pueraria Lobata Root Extract, Pinus Palustris Leaf Extract, Ulmus Davidiana Root Extract, Disodium EDTA","Dry, Oily, Combination, Normal","Dead, Sebum, Pore, Soothing",0
8809576261714,https://cdn.shopify.com/s/files/1/0020/8184/9444/products/294342732_358067816506194_2979531840146756766_n_1024x1024@2x.jpg?v=1665976435,Skin1004 - Madagascar Centella Tea-Trica Bha Foam 125Ml,Cleansing,Skin1004,10.00,"Water, Myristic Acid, Glycerin, Potassium Hydroxide, Stearic Acid, Glyceryl Monostearate, Propanediol, Lauryl Hydroxysultaine, Palmitic Acid, Sodium C14-16 Olefin Sulfonate, Potassium Benzoate, Salicylic Acid(0.45%), Butylene Glycol, Sorbitol, 1,2-Hexanediol, Sodium Chloride, Centella Asiatica Extract(0.2%), Acrylates/C10-30 Alkyl Acrylate Crosspolymer, Melaleuca Alternifolia Leaf Oil(0.2%), Cetearyl Alcohol, Melaleuca Alternifolia (Tea Tree) Leaf Water(0.09%), Melia Azadirachta Leaf Extract, Hydrogenated Polydecene, Arachidic Acid, Lauric Acid, Sodium Citrate, Melia Azadirachta Flower Extract, Trisodium Ethylenediamine Disuccinate, Oleic Acid, Theobroma Cacao Seed Extract,Dextrin, Citrus Acid, Disodium EDTA, Pentylene Glycol, Caprylyl Glycol, Chamaecyparis Obtusa Water, Pinus Palustris Leaf Extract","Dry, Oily, Combination, Normal","Acne, Dead, Sebum, Pore, Soothing, Sensitive",0
8809647390091,https://d3i908zd4kzakt.cloudfront.net/data/item/1553493711/thumb-sombymi1_500x500.jpg,Some By Mi - Aha.Bha.Pha 30 Days Miracle Foam 100Ml,Cleansing,Some By Mi,11.50,,"Dry, Oily, Combination, Normal","Oily, Acne, Dead, Sebum, Pore, Sensitive",0
8809647393092,https://tse1.mm.bing.net/th?id=OIP.pHJYdB5-SNCtNLD-uisplAHaHa&pid=Api,Some By Mi - Yuja Naiacine Brightening All-In-One Cleanser 100Ml,Cleansing,Some By Mi,12.00,,,"Sensitive, Blemish, Dull, Brightening, Pore, Dead",0
8806182519314,https://cosibella.cz/cze_pl_The-Face-Shop-Rice-Water-Bright-Rich-Cleansing-Oil-Bohaty-odlicovaci-olej-s-ryzovou-vodou-150-ml-15615_1.webp,The Face Shop - Rice Brightening Water Cleansing Rich Oil (2019) 150ml,Cleansing,The Face Shop,11.00,"Cetyl Ethylhexanoate, Caprylic/Capric Triglyceride, Isopropyl Myristate, Sorbeth-30 Tetraoleate, Polyglyceryl-10 diisostearate, Glycerin, Oryza Sativa Bran Oil, Aleurites Moluccana Seed Oil, Canola Oil, Butylene Glycol, Oryza Sativa Extract, Saponaria Officinalis Leaf Extract, Water, Fragrance, Hexyl Cinnamal, Hydroxyisohexyl 3-cyclohexene carboxaldehyde","Normal, Dry",Brightening,0
8806182587832,https://skinnora.com/wp-content/uploads/2020/05/The-Face-Shop-Rice-Water-Bright-Cleansing-Foam-150ml.jpg,The Face Shop - Rice Water Bright Foaming 150Ml (2021),Cleansing,The Face Shop,9.00,"Purified water, myristic acid, glycerin, potassium hydroxide, stearic acid, glycol distearate, lauric acid, cocamidopropyl betaine, cocamide MI, disodium cocoampodiacetate, glyceryl stearate , PEG-100 stearate, sodium lauryl sulfate, rice extract (2.2 ppm), soap grass leaf extract, rice bran oil (10 ppm), titanium dioxide, divinyl dimethicone/dimethicone copolymer, C12-13 pares -23, C12-13 pares-3, hexylene glycol, disodium IDTA, blue No. 1, yellow No. 4, red No. 504, hydroxypropylmethylcellulose, 1,2-hexanediol, butylene Lycol, sodium benzoate, phenoxyethanol, fragrance, hexylcinnamol",,Brightening,0
8809481760678,https://encrypted-tbn0.gstatic.com/images?q=tbn:ANd9GcRAXMxMK_4DEhDbQhWVAh5eh03WLPfESCs8gQ&s,Heimish - (Eu) All Clean Balm 120Ml,Cleansing,Heimish,13.00,"Ethylhexyl Palmitate, Cetyl Ethylhexanoate, PEG-20 Glyceryl Triisostearate, Polyethylene, PEG-8 Isostearate, Butyrospermum Parkii (Shea) Butter, Cocos Nucifera (Coconut) Fruit Extract, Citrus Aurantifolia (Lime) Fruit Extract, Freesia Refracta Extract, Iris Versicolor Extract, Jasminum Officinale (Jasmine) Extract, Lilium Tigrinum Extract, Leontopodium Alpinum Extract, Nelumbium Speciosum Flower Extract, Narcissus Pseudo-Narcissus (Daffodil) Flower Extract, Rose Extract, Citrus Aurantium Dulcis (Orange) Peel Oil, Lavandula Angustifolia (Lavender) Oil, Pelargonium Graveolens Flower Oil, Amyris Balsamifera Bark Oil, Citrus Paradisi (Grapefruit) Peel Oil, Eucalyptus Globulus Leaf Oil, Melaleuca Alternifolia (Tea Tree) Leaf Oil, Juniperus Mexicana Oil, Boswellia Carterii Oil, Citrus Aurantium Bergamia (Bergamot) Fruit Oil, Tocopheryl Acetate, Water, Butylene Glycol, Citric Acid, Phenoxyethanol, Ethylhexylglycerin, 1,2-Hexanediol",,"Sensitive, Blackhead, Dead",0
8809486681664,https://cdn.myshoptet.com/usr/www.kocosbeauty.cz/user/shop/big/3303_pyunkang-yul-calming-low-ph-foaming-cleanser-zklidnujici-cistici-pena-na-oblicej-s-pupecnikem-asijskym.png?648d7fd3,Pyunkang Yul - Calming  Low Ph Foaming Cleanser 150Ml,Cleansing,Pyunkang Yul,10.00,,,,0
8809576261189,https://cdn.shopify.com/s/files/1/0020/8184/9444/products/92a89b852400b643bd93a9a8bcb10cc9_600x.jpg?v=1637741525,Skin1004 - Madagascar Centella Tone Brightening Cleansing Gel Foam 125Ml,Cleansing,Skin1004,10.00,,,,0
8809640731433,https://i00.eu/img/784/1600x1600/8q502z6b/5844.jpg,Anua - Heartleaf 77% Soothing Toner 250Ml,Toner & Essences,Anua,14.00,,,,0
8809640734342,https://cdn.myshoptet.com/usr/www.koreankosmetika.cz/user/shop/big/5778_peach-77-niacin-conditioning--milk-pletove-mleko-150-ml.png?65e48069,Anua - Peach 77 Niacin Conditioning Milk 150Ml,Toner & Essences,Anua,14.00,,,,0
8809640734359,https://cdn.myshoptet.com/usr/www.koreanglamour.cz/user/shop/big/5093-1_korejska-kosmetika-anua-peach-77--niacinnamide-essence-toner-extra-hydratacni-toner-s-esenci-z-broskve-250.png?660e26d6,Anua - Peach 77 Niacin Essence Toner 250Ml,Toner & Essences,Anua,15.00,,,,0
8809115027924,https://cdn.store-assets.com/s/239857/i/12701989.jpeg,Axis-Y - Daily Purifying Treatment Toner 200Ml,Toner & Essences,Axis-Y,13.00,,,,0
8809968130239,https://cosibella.cz/cze_pl_Beauty-of-Joseon-Glow-Replenishing-Rice-Milk-Hydratacni-ryzove-pletove-tonikum-150-ml-21981_2.jpg,Beauty of Joseon - Glow Replenishing Rice Milk 150Ml,Toner & Essences,Beauty of Joseon,12.00,,,,0
8809968130123,https://assets.beautyhub.co.ke/wp-content/uploads/2022/12/20084508/beauty_of_joseon_green_plum_refreshing_toner_aha_bha.jpg,Beauty of Joseon - Green Plum Refreshing Toner : Aha + Bha (150Ml),Toner & Essences,Beauty of Joseon,13.00,,,,0
8809566992505,https://wmg.stylekorean.com/BR000188/7I2464Sk7J28_thumb.jpg?v20240404,Bento - Guava 70 Skin Toner Face Mask Pad 210Ml (70Pads),Toner & Essences,Bento,16.00,,,,0
8809416470009,https://cdn.shopify.com/s/files/1/0020/8184/9444/products/james_800x1067_1_1_800x.webp?v=1678027934,Cosrx - Advanced Snail 96 Mucin Power Essence 100Ml,Toner & Essences,Cosrx,13.00,,,,0
8809416470030,https://im9.cz/iR/importprodukt-orig/d6b/d6ba18309200a2f2cb7d37bb819d3a7f.jpg,Cosrx - Aha/Bha Clarifying Treatment Toner 150Ml,Toner & Essences,Cosrx,12.00,,,,0
8809828419603,https://sokoskins.shop/cdn/shop/products/6rWs64us64ul7Yag_500x.jpg?v=1614328414,Goodal - Houttuynia Cordata Calming Toner Pad (70Ea) 22Ad,Toner & Essences,Goodal,15.00,,,,0
8809655950416,http://cdn.shopify.com/s/files/1/0418/3018/7169/products/01.jpg?v=1654224830,Jumiso - All Day Vitamin Glow Boost Facial Toner 125Ml,Toner & Essences,Jumiso,12.00,,,,0
8809655950348,https://cdn.shopify.com/s/files/1/0020/8184/9444/products/02_1000x.webp?v=1656000452,Jumiso - Super Soothing Cica & Aloe Essence Toner 125Ml,Toner & Essences,Jumiso,12.00,,,,0
8809670681111,https://cdn.shopify.com/s/files/1/0020/8184/9444/products/collagenboosterlotion_900x_04fb2ef8-8d5e-41e7-8bd7-a11d7357a62b_300x300.webp?v=1649951588,Mary & May - Collagen Booster Lotion 120Ml,Toner & Essences,Mary & May,11.00,,,,0
8809670681692,https://tse1.mm.bing.net/th?id=OIP.3nrdBb1rOQW3m_kmEqbq6QHaHa&pid=Api,Mary & May - Vegan Blackberry Complex Cream Essence 140Ml,Toner & Essences,Mary & May,14.00,,,,0
8809517414124,https://encrypted-tbn0.gstatic.com/images?q=tbn:ANd9GcRLN6Hi-oFJO4p8IsfZ8OyUDSW493f7pjHTYA&s,Medicube - [70Pcs] Super Cica Toner Pad,Toner & Essences,Medicube,15.00,,,,0
8800256108374,https://lacosmetique.com.au/cdn/shop/files/Medicube_Renew_Zero_Pore_Pad_2.0_e5caf511-4235-4481-8ca7-d3667248f788.jpg?v=1733964993&width=900,Medicube - [Renew]Zero Pore Pad 2.0 (70Pcs),Toner & Essences,Medicube,15.00,,,,0
8809652581460,https://encrypted-tbn0.gstatic.com/images?q=tbn:ANd9GcTC_SVzMUWUiijQZphZIRNLQ-Yoc2ks6DHa8Q&s,Numbuzin - No.1 Centella Re-Leaf Green Toner Pad 190Ml (70Pads),Toner & Essences,Numbuzin,14.00,,,,0
8809652580982,https://cdn.myshoptet.com/usr/www.loveskin.cz/user/shop/big/489-3_num333.jpg?65b3b6b9,Numbuzin - No.3 Radiance Glowing Jumbo Essence Pad (150Ml *70Ea ),Toner & Essences,Numbuzin,14.00,,,,0
8809652580128,https://cosibella.cz/cze_pl_Numbuzin-No-3-Super-Glowing-Essence-Toner-Rozjasnujici-tonikum-200-ml-14702_1.webp,Numbuzin - No.3 Super Glowing Essence Toner 200Ml,Toner & Essences,Numbuzin,15.00,,,,0
8809652581781,https://cdn.myshoptet.com/usr/www.loveskin.cz/user/shop/big/465_numpad5.jpg?65aa457a,Numbuzin - No.5 Vitamin-Niacinamide Concentrated Pad 180Ml(70Pads),Toner & Essences,Numbuzin,16.00,,,,0
8809486680056,https://cosibella.cz/hpeciai/4993d73bcb758a024ec1876c449145ab/cze_pl_Pyunkang-Yul-Essence-Toner-Hydratacni-tonikum-200-ml-1670_2.webp,Pyunkang Yul - (Renewal) Essence Toner 200Ml,Toner & Essences,Pyunkang Yul,13.00,,,,0
8809486681268,https://pyunkangyul.us/cdn/shop/products/fa37b8ad84327d65869109e9fe663a7f.png?v=1626220286,Pyunkang Yul - *Renewal Low Ph Cleansing Water 290Ml,Toner & Essences,Pyunkang Yul,12.00,,,,0
8809657114731,https://roundlab.com/cdn/shop/files/1025-dokdo-toner-round-lab-2_2048x2048.png?v=1687196660,Round Lab - Eng) 1025 Dokdo Toner_200Ml,Toner & Essences,Round Lab,13.00,,,,0
8809576261165,https://cosibella.cz/data/gfx/pictures/medium/2/4/13942_1.webp,Skin1004 - Madagascar Centella Tone Brightening Boosting Toner 210Ml,Toner & Essences,Skin1004,13.00,,,,0
8809576261141,https://cdn.myshoptet.com/usr/www.korejskakrasa.eu/user/shop/big/2958_skin1004-madagascar-centella-toning-toner-jemny-exfoliacni-toner-s-centellou-210-ml.jpg?647e484f,Skin1004 - Madagascar Centella Toning Toner 210Ml,Toner & Essences,Skin1004,13.00,,,,0
8809576261660,https://tse2.mm.bing.net/th?id=OIP.aVKGvhLa6U65MD26i9Z0gwHaHa&pid=Api,Skin1004 - Madagscar Centella Tea-Trica Purifying Toner 210Ml,Toner & Essences,Skin1004,13.00,,,,0
8809647390671,https://cdn.myshoptet.com/usr/www.skinspecialist.cz/user/shop/big/508_some-by-mi-aha-bha-pha-30-days-miracle-truecica-clear-pad-exfoliacni-tamponky-pro-problematickou-plet.jpg?66bb7a14,Some By Mi - Aha Bha Pha 30 Days Miracle Truecica Clear Pad (70Ea),Toner & Essences,Some By Mi,15.00,,,,0
8809486681480,https://wmg.stylekorean.com/BR000247/PYS12-TCM_thumb.jpg?v20230307,Pyunkang Yul - Calming Deep Moisture Toner 150ml,Toner & Essences,Pyunkang Yul,11.00,,,,0
8809640730283,https://cdn.myshoptet.com/usr/www.skinandcare.cz/user/shop/big/1787_anua-heartleaf-80--soothing-ampoule-30ml.png?658855b0,Anua - Heartleaf 80% Ampoule 30Ml,Serums & Ampoules,Anua,16.00,,,,0
8809640733550,https://cdn.myshoptet.com/usr/www.koreankosmetika.cz/user/shop/big/5103-8_peach-70-niacin-serum.png?658182b7,Anua - Peach 70% Niacinamide Serum 30Ml,Serums & Ampoules,Anua,15.00,,,,0
8809634610034,https://cosibella.cz/cze_pl_Axis-y-Dark-Spot-Correcting-Glow-Serum-Rozjasnujici-serum-redukujici-pigmentove-skvrny-50-ml-15851_3.webp,Axis-Y - Dark Spot Correcting Glow Serum 50Ml,Serums & Ampoules,Axis-Y,12.00,,,,0
8809738316412,https://cosibella.cz/hpeciai/eaa41f416d7953d60a4dc336cd5e8be5/cze_pm_Beauty-of-Joseon-Calming-Serum-Green-Tea-Panthenol-Zklidnujici-serum-30-ml-14803_1.webp,Beauty of Joseon - Calming Serum : Green Tea + Panthenol 30Ml,Serums & Ampoules,Beauty of Joseon,12.00,,,,0
8809738312728,https://cosibella.cz/hpeciai/7dd223b3d16bc5ba48b0f316a0c1b27d/cze_pl_Beauty-of-Joseon-Glow-Deep-Serum-Rice-and-Alpha-Arbutin-Ryzove-serum-s-rozjasnujicim-ucinkem-30-ml-13098_4.webp,Beauty Of Joseon - Glow Deep Serum : Rice +Alpha Arbutin 30Ml,Serums & Ampoules,Beauty of Joseon,12.00,,,,0
8809657114960,https://d1flfk77wl2xk4.cloudfront.net/Assets/GalleryImage/23/938/L_g0126093823.jpg,Beauty of Joseon - Glow Serum : Propolis+Niacinamide,Serums & Ampoules,Beauty of Joseon,12.00,,,,0
8809598455658,https://static.thcdn.com/images/large/original//productimg/1600/1600/15212379-1755123706939219.jpg,Cosrx - The 6 Peptide Skin Booster Serum 150Ml,Serums & Ampoules,Cosrx,15.00,,,,0
8809447255101,https://cosibella.cz/hpeciai/850d45e4f0cda6f97aef768b51b65961/cze_pl_Dr-Althea-Gentle-Vitamin-C-Serum-Jemne-serum-s-vitaminem-C-30-ml-23363_1.webp,Dr.Althea - Gentle Vitamin C Serum 30Ml,Serums & Ampoules,Dr.Althea,14.00,,,,0
8809447254388,https://www.koreanskincare.cz/fotky21312/fotos/_vyr_344_IMG_9370.webp,Dr.Althea - Vitamin C Boosting Serum 30Ml,Serums & Ampoules,Dr.Althea,13.00,,,,0
8809828412024,https://tsmpk.com/image/cache/catalog/Goodal%20-%20Green%20Tangerine%20Vita%20C%20Dark%20Spot%20Care%20Serum%2040ml-1000x1000.jpg.webp,Goodal - (Renew) Green Tangerine Vita C Dark Spot Care Serum 40Ml,Serums & Ampoules,Goodal,17.00,,,,0
8809828414851,https://cf.shopee.com.my/file/165e34d14ef4476c4c0faca508c9c040,Goodal - Houttuynia Cordata Calming Moisture Serum 50Ml (22Ad),Serums & Ampoules,Goodal,15.00,,,,0
8809186283854,https://s3.amazonaws.com/savana.uploads/wp-content/uploads/2019/11/19151205/jumiso_all_day_vitamin_brightening_serum_1.jpg,Jumiso - [Renew] All Day Vitamin Brightening&Balancing Facial Serum 30Ml,Serums & Ampoules,Jumiso,13.00,,,,0
8809655950560,https://cdn.shopify.com/s/files/1/0020/8184/9444/products/11_5a0f8f98-4a5d-4d1d-a2e0-c297dec324c9_300x.png?v=1677213294,Jumiso - All Day Vitamin Pure C 5.5 Glow Serum 30Ml,Serums & Ampoules,Jumiso,13.00,,,,0
8809655950577,https://cosibella.cz/cze_pl_Jumiso-All-Day-Vitamin-VC-IP-1-0-Firming-Serum-Zpevnujici-serum-na-oblicej-30-ml-18183_1.webp,Jumiso - All Day Vitamin Vc-Ip 1.0 Firming Serum 30Ml,Serums & Ampoules,Jumiso,13.00,,,,0
8809655950133,http://cdn.shopify.com/s/files/1/0020/8184/9444/products/jumiso-super-soothing-cica-aloe-facial-serum-30ml-28294345719874_1200x1200.jpg?v=1632414218,Jumiso - Super Soothing Cica & Aloe Facial Serum  30Ml,Serums & Ampoules,Jumiso,13.00,,,,0
8809643046855,https://d3i908zd4kzakt.cloudfront.net/data/item/1573202884/thumb-IMG_3578_500x500.jpg,Laneige - Glowy Makeup Serum 30Ml,Serums & Ampoules,Laneige,17.00,,,,0
8809670680831,https://cdn.myshoptet.com/usr/www.korejskakrasa.eu/user/shop/big/3672_mary-may-idebenone-blackberry-complex-serum-koren-skincare-product-78477-1645521905.jpg?647e484f,Mary & May - Idebenone + Blackberry Complex Serum 30Ml,Serums & Ampoules,Mary & May,12.00,,,,0
8809732910159,https://cdn.myshoptet.com/usr/www.koreankosmetika.cz/user/shop/big/5988-9_bean-essence.png?6601443c,Mixsoon - Bean Essence 50Ml,Serums & Ampoules,Mixsoon,16.00,,,,0
8809875270073,https://d1flfk77wl2xk4.cloudfront.net/Assets/52/007/XL_p0194400752.jpg,Nine Less - A-Control 10% Azelaic Acid Serum 30Ml,Serums & Ampoules,Nine Less,12.00,,,,0
8809875270080,https://cosibella.cz/hpeciai/7224823763fa4ee537f90013a1d5969e/cze_pl_Nine-Less-B-Boost-10-Niacinamide-Serum-Serum-s-10-niacinamidem-proti-rozsirenym-porum-30-ml-17918_2.webp,Nine Less - B-Boost 10% Niacinamide Serum 30Ml,Serums & Ampoules,Nine Less,12.00,,,,0
8809875270134,https://tse4.mm.bing.net/th?id=OIP.otB1HWZZMbrjiPXoDZmKBQAAAA&pid=Api,Nine Less - Mela-Pro Tranexamic Acid Serum 30Ml,Serums & Ampoules,Nine Less,11.00,,,,0
8809652580036,https://cosibella.cz/cze_pl_Numbuzin-No-3-Skin-Softening-Serum-Zklidnujici-serum-s-fermenty-50-ml-14815_2.webp,Numbuzin - No.3 Skin Softening Serum 50Ml,Serums & Ampoules,Numbuzin,15.00,,,,0
8809652581774,https://cdn.myshoptet.com/usr/www.loveskin.cz/user/shop/big/539-2_numbuzinserum.jpg?65d5ce6c,Numbuzin - No.5 Vitamin Concentrated Serum 30Ml,Serums & Ampoules,Numbuzin,15.50,,,,0
8809486682067,https://assets.beautyhub.co.ke/wp-content/uploads/2022/05/10082917/pyunkang_yul_calming_moisture_serum_30ml.jpg,Pyunkang Yul - Calming  Moisture Serum 30Ml,Serums & Ampoules,Pyunkang Yul,10.00,,,,0
8809486680025,https://cosibella.cz/cze_pl_Pyunkang-Yul-Moisture-Ampoule-Hydratacni-ampule-100-ml-1220_1.webp,Pyunkang Yul - Moisture Ampoule 100Ml,Serums & Ampoules,Pyunkang Yul,14.00,,,,0
8809657115479,https://cdn.webshopapp.com/shops/243452/files/365716992/image.jpg,Round Lab - Eng) 1025 Dokdo Ampule_45G,Serums & Ampoules,Round Lab,17.00,,,,0
8809576260663,https://tse1.mm.bing.net/th?id=OIP.rvVHozVxye4tC4YHiIGsBQHaHa&pid=Api,Skin1004 - Madagascar Centella Ampoule 100Ml,Serums & Ampoules,Skin1004,13.50,,,,0
8809576261486,https://static.ksisters.com/public/skus/l/5a60b481ef066adfa4646bcdeb22662d_ajn9dk7k_e3e1c6d79cccea.webp,Skin1004 - Madagascar Hyalu-Cica First Ampoule 100Ml,Serums & Ampoules,Skin1004,14.00,,,,0
8809576260922,https://cosibella.cz/cze_pl_SKIN1004-Zombie-Beauty-Bloody-Peel-Peeling-s-kyselinou-glykolovou-a-salicylovou-30-ml-12711_3.webp,Skin1004 - Zombie Beauty By Skin1004 Bloody Peel 30Ml,Serums & Ampoules,Skin1004,11.00,,,,0
8809647393078,https://tse2.mm.bing.net/th?id=OIP.xHAnzlGrluafJDyNa7gKqQHaHa&pid=Api,Some By Mi - [Renew] Yuja Niacin Anti-Blemish Serum 50Ml,Serums & Ampoules,Some By Mi,15.50,,,,0
8809525242764,https://m.media-amazon.com/images/I/61Q9RJfrtCL.jpg,Some By Mi - Aha.Bha.Pha 30 Days Miracle Serum 50Ml,Serums & Ampoules,Some By Mi,15.00,,,,0
8809647392668,https://cosibella.cz/cze_pl_Some-By-Mi-Retinol-Intense-Reactivating-Serum-Pletove-serum-proti-vraskam-30-ml-15484_3.webp,Some By Mi - Retinol Intense Reactivating Serum 30Ml,Serums & Ampoules,Some By Mi,19.00,,,,0
8804014216943,https://d3i908zd4kzakt.cloudfront.net/data/item/1566284878/20190527135255L.jpg,Ample N - Hyaluronshot Cream 60Ml,Cream & Moisturisers,Ample N,11.00,,,,0
8809416470016,https://cdn.shopify.com/s/files/1/0020/8184/9444/products/cosrx-advanced-snail-92-all-in-one-cream-100g_1024x1024@2x.webp?v=1678027980,Cosrx - Advanced Snail 92 All In One Cream 100G,Cream & Moisturisers,Cosrx,14.00,,,,0
8809668018660,"https://m.media-amazon.com/images/I/41tw9Q1q8LS._AC_UF1000,1000_QL80_.jpg",Etude House - Soon Jung 2X Barrier Intensive Cream 60Ml (2021),Cream & Moisturisers,Etude House,13.00,,,,0
8809655950195,https://cdn.shopify.com/s/files/1/0020/8184/9444/products/WATERFULLHYALURONIC_c4232820-5ec9-4e34-97f3-9e6f6c7be9f9_1200x1200.webp?v=1657433222,Jumiso - Waterfull Hyaluronic Cream 50Ml,Cream & Moisturisers,Jumiso,13.00,,,,0
880SG00000041,https://d1flfk77wl2xk4.cloudfront.net/Assets/76/662/L_p0118366276.jpg,Laneige - Cica Sleeping Mask 10Ml (Sample),Cream & Moisturisers,Laneige,5.00,,,,0
8809598450622,https://d3i908zd4kzakt.cloudfront.net/data/item/1557966897/thumb-greenteacream_500x500.jpg,Cosrx - Hydrium Green Tea Aqua Soothing Gel Cream 50Ml,Cream & Moisturisers,Cosrx,15.00,,,,0
8801051476774,https://www.belifindia.in/cdn/shop/products/2.AB50.jpg?v=1666679564,Belif - The True Cream - Aqua Bomb 50Ml,Cream & Moisturisers,Belif,24.00,,,,0
8801051476781,https://www.belifindia.in/cdn/shop/products/4.MB50_1.jpg?v=1666681536,Belif - The True Cream - Moisturizing Bomb 50Ml,Cream & Moisturisers,Belif,24.00,,,,0
8809416470368,https://cosibella.cz/cze_pl_COSRX-Centella-Blemish-Cream-Zklidnujici-krem-pro-problematickou-plet-30-ml-1282_5.webp,Cosrx - Centella Blemish Cream 30Ml,Cream & Moisturisers,Cosrx,12.50,,,,0
8809647391111,https://a.allegroimg.com/original/113388/2ac71f9b4849abdf573742c51108/Some-by-mi-Yuja-Niacin-rozjasnujici-peelingovy-gel-120,Some By Mi - Yuja Niacin Brightening Peeling Gel 120Ml,Cream & Moisturisers,Some By Mi,12.00,,,,0
8809732910661,https://azijosnamai.lt/wp-content/uploads/2023/02/MIXSOON-Bean-Cream-veido-kremas-50-ml.jpg,Mixsoon - Bean Cream 50Ml,Cream & Moisturisers,Mixsoon,16.00,,,,0
8809486680773,https://d1flfk77wl2xk4.cloudfront.net/Assets/40/637/L_p0098063740.jpg,Pyunkang Yul - Intensive Repair Cream 50Ml,Cream & Moisturisers,Pyunkang Yul,12.00,,,,0
8809532221790,https://tse2.mm.bing.net/th?id=OIP.P79BDrpAA4c6Qow44GD2mQHaHa&pid=Api,Haruharu Wonder - Centella Phyto & 5 Peptide Concentrate Cream 30Ml,Cream & Moisturisers,Haruharu Wonder,12.00,,,,0
8809481762535,https://encrypted-tbn0.gstatic.com/images?q=tbn:ANd9GcRtbVe9egnCIN8_549fqJurpc_-MehJP7hKXw&s,Heimish - Black Rose Hydra Plumping Sorbet Cream 50Ml,Cream & Moisturisers,Heimish,13.00,,,,0
8809670680862,https://tse3.mm.bing.net/th?id=OIP.8Rksfyg_9_AMytcUSKXmRwHaHa&pid=Api,Mary & May - Sensitive Soothing Gel Blemish Cream 70G,Cream & Moisturisers,Mary & May,13.00,,,,0
8809486680407,https://tse2.mm.bing.net/th?id=OIP.mCqmGYfLLZhYX5fbz70s2wHaHa&pid=Api,Pyunkang Yul - Ato Cream Blue Label(Tube) 120Ml,Cream & Moisturisers,Pyunkang Yul,11.00,,,,0
8809486680988,https://i00.eu/img/784/550x550f/4x2oz8rr/1890.jpg,Pyunkang Yul - Ato Moisturizing Soothing Gel Lotion 150Ml,Cream & Moisturisers,Pyunkang Yul,11.00,,,,0
8809486682029,https://tse3.mm.bing.net/th?id=OIP.4Cbsmgfjb9elhZj2R3nwmAHaHa&pid=Api,Pyunkang Yul - Sleeping Mask 120Ml,Cream & Moisturisers,Pyunkang Yul,11.00,,,,0
8809738600245,https://tse3.mm.bing.net/th?id=OIP.6HjjYijhmflBu8GscVDOCgHaHa&pid=Api,Round Lab - Eng) 1025 Dokdo Cream_80Ml,Cream & Moisturisers,Round Lab,18.00,,,,0
8809576261134,https://static.ksisters.com/public/skus/l/49ad9b4cae4ada52be62c34534859c58_ijv8m90e_e1d99babd7d6de.webp,Skin1004 - Madagascar Centella Soothing Cream 75Ml,Cream & Moisturisers,Skin1004,12.00,,,,0
8809576261615,https://cdn.shopify.com/s/files/1/0020/8184/9444/products/2ebf20284618c3cf1398fa7abe1d542a_1200x1200.webp?v=1678459220,Skin1004 - Madagascar Centella Tone Brightening Capsule Cream 75Ml,Cream & Moisturisers,Skin1004,13.00,,,,0
8809686383559,https://cosibella.cz/cze_pl_Isntree-Hyaluronic-Acid-Moist-Cream-Hydratacni-krem-s-kyselinou-hyaluronovou-100-ml-7579_2.webp,Isntree - Hyaluronic Acid Moist Cream 100Ml,Cream & Moisturisers,Isntree,13.00,,,,0
8809576261493,https://cosibella.cz/cze_pl_SKIN1004-Madagascar-Centella-Hyalu-Cica-Moisture-Cream-Zklidnujici-a-hydratacni-krem-75-ml-14127_3.webp,Skin1004 - Madagascar Hyalu-Cica Moisture Cream 75Ml,Cream & Moisturisers,Skin1004,14.00,,,,0
8809326334224,https://m.media-amazon.com/images/I/61otJV0m4JL.jpg,Some By Mi - Aha.Bha.Pha 30 Days Miracle Cream 60Ml,Cream & Moisturisers,Some By Mi,15.00,,,,0
8809838652465,https://sevenyoung.com/wp-content/uploads/2023/10/DGS1000.jpeg,Doctor.G - Red Blemish Clear Soothing Cream 70Ml (2023),Cream & Moisturisers,Doctor.G,20.00,,,,0
8809652581255,https://cosibella.cz/cze_pl_Numbuzin-No-3-Velvet-Beauty-Cream-Pecujici-krem-pod-make-up-60-ml-15665_1.webp,Numbuzin - No.3 Velvet Beauty Cream 60Ml,Cream & Moisturisers,Numbuzin,15.00,,,,0
8809672171467,https://encrypted-tbn0.gstatic.com/images?q=tbn:ANd9GcTSzSq4GPQWnB_g1lqpWn51x8I7ND75UWcm0A&s,Veganifect - Clean And Glow Sedum Moisture Cream 50G,Cream & Moisturisers,Veganifect,11.00,,,,0
8809525249565,https://i00.eu/img/784/1024x1024/4zck5upf/1823.jpg,Beauty of Joseon - [Renew]Dynasty Cream 50Ml,Cream & Moisturisers,Beauty of Joseon,15.00,,,,0
8809670680879,https://ecsmedia.pl/c/mary-may-idebenone-blackberry-complex-intensive-total-care-cream-70g-b-iext123611688.jpg,Mary & May - Idebenone + Blackberry Complex Intensive Total Care Cream 70G,Cream & Moisturisers,Mary & May,12.50,,,,0
8809486682999,https://cosibella.cz/cze_pl_Pyunkang-Yul-Calming-Moisture-Nourishing-Cream-Zklidnujici-hydratacni-vyzivny-krem-50-ml-19617_1.webp,Pyunkang yul - Calming Moisture  Nourishing Cream 50Ml,Cream & Moisturisers,Pyunkang yul,11.00,,,,0
8809486683958,https://static.ksisters.com/public/skus/l/e3beaf9a8f36e106a86e4bee8cc9d3bf_w76xkfjn_e2d5dedcd2d7da.webp,Pyunkang Yul - Ultimate Calming Solution Cream 30Ml,Cream & Moisturisers,Pyunkang Yul,13.00,,,,0
8809913830047,https://tse2.mm.bing.net/th?id=OIP.qKnLTONi2Ve7jsCk7NLi5gHaHa&pid=Api,Skin1004 - Madagascar Centella Tea-Trica B5 Cream 75Ml,Cream & Moisturisers,Skin1004,14.00,,,,0
8809640730696,https://cdn.myshoptet.com/usr/www.koreankosmetika.cz/user/shop/big/5115_heartleaf-70-intense-calming-cream-posilujici-krem-po-intenzivni-zklidneni-pleti-50-ml.png?64d8d819,Anua - Heartleaf 70% Intense Calming Cream 50Ml,Cream & Moisturisers,Anua,17.00,,,,0
8809640734373,https://img.joomcdn.net/d93a9002e203fa28ba351f314072d8d8a9d3f712_original.jpeg,Anua - Peach 77 Niacin Enriched Cream 50Ml,Cream & Moisturisers,Anua,17.00,,,,0
8809874683195,https://skindustry.in/cdn/shop/files/aplbpepcream.png?v=1734261653&width=1200,Aplb - Collagen Egf Peptide Facial Cream 55Ml,Cream & Moisturisers,Aplb,12.00,,,,0
8809874683171,https://runrabbit.lk/cdn/shop/files/APLB_Retinol_Vitamin_C_Vitamin_E_Facial_Cream_55ml_RunRabbit_Sri_Lanka_1.jpg?v=1716751245,Aplb - Retinol Vitamin C Vitamin E   Facial Cream 55Ml,Cream & Moisturisers,Aplb,12.00,,,,0
8809447251394,https://kosco.s6.cdn-upgates.com/_cache/b/2/b26babf29700e6ecb100b3718703ac44-dr-althea-345-relief-cream-50ml.webp,Dr.Althea - 345 Relief Cream 50Ml,Cream & Moisturisers,Dr.Althea,16.00,,,,0
8800256112227,https://www.glowyskincalling.com/resize/e/800/800/files/medicube-jelly-cream.png,Medicube - Collagen Jelly Cream 50Ml,Cream & Moisturisers,Medicube,13.00,,,,0
8809486681244,https://cosibella.cz/cze_pl_Pyunkang-Yul-Calming-Moisture-Barrier-Cream-Zklidnujici-krem-s-hydratacnim-ucinkem-50-ml-5190_2.webp,Pyunkang Yul - Calming Moisture Barrier Cream 50Ml,Cream & Moisturisers,Pyunkang Yul,12.00,,,,0
8809576261646,https://cdn.shopify.com/s/files/1/0020/8184/9444/products/2022-08-11134852_795x.webp?v=1665810651,Skin1004 - Madagascar Centella Poremizing Light Gel Cream 75Ml,Cream & Moisturisers,Skin1004,12.00,,,,0
8803348040903,https://d1flfk77wl2xk4.cloudfront.net/Assets/24/235/L_p0171323524.jpg,Frudia - Avocado Greenery Relief Sun Cream 50G,Sun Care & Mist,Frudia,8.00,,,,0
8803348040897,https://www.koreashop.cz/fotky23526/fotos/_vyr_5100_f069.jpg,Frudia - Green Grape Sebum Control Cooling Sun Gel 50G,Sun Care & Mist,Frudia,8.00,,,,0
8803348039938,https://cdn.myshoptet.com/usr/www.skinandcare.cz/user/shop/big/816_frudia-ultra-uv-shield-sun-essence--1.png?64057c50,Frudia - Ultra Uv Shield Sun Essence 50G,Sun Care & Mist,Frudia,8.00,,,,0
8809670682033,https://cdn.shopify.com/s/files/1/0020/8184/9444/products/ac577a824d4e2_550x_7cfb6cde-bfc5-4ba4-8575-a9d061b8dd94_550x.webp?v=1681224981,Mary & May - Vegan Peptide Bakuchiol Sun Stick Spf50+ Pa++++ 18G,Sun Care & Mist,Mary & May,13.00,,,,0
8809747942121,https://missha.s5.cdn-upgates.com/_cache/1/4/14d9cd01944148c5f65a8d0243334183-missha-all-around-safe-block-aqua-sun2.jpg,Missha - All-Around Safe Block Aqua Sun Spf50+/Pa+++ 50Ml ,Sun Care & Mist,Missha,11.00,,,,0
8809576261608,https://cdn.shopify.com/s/files/1/0020/8184/9444/products/skin1004-sun-madagascar-centella-air-fit-suncream-light-spf30-pa-37102167949558_1000x1000_1_1024x1024@2x.webp?v=1660720230,Skin1004 - Madagascar Centella Air-Fit Suncream Light 50Ml Spf30 Pa++++,Sun Care & Mist,Skin1004,14.00,,,,0
8809576261301,https://cdn.shopify.com/s/files/1/0020/8184/9444/products/419G8HN-EUL._SL1000_1000x.jpg?v=1637767807,Skin1004 - Madagascar Centella Air-Fit Suncream Plus 50Ml,Sun Care & Mist,Skin1004,13.00,,,,0
8809835060058,https://cdn.shopify.com/s/files/1/0020/8184/9444/products/ROMANDTHUMBNAIL_1000x1200px_2_3000x_d55807a8-b75c-43be-9714-bfd89b98f9b8_1200x1200.webp?v=1677726786,Tocobo - Bio Watery Sun Cream Spf50+ Pa++++,Sun Care & Mist,Tocobo,12.00,,,,0
8809835060171,https://m.media-amazon.com/images/I/51Dha6v36HL.jpg,Tocobo - Vita Tone Up Sun Cream Spf50+ Pa++++,Sun Care & Mist,Tocobo,12.00,,,,0
8809707269671,https://cdn.shopify.com/s/files/1/0020/8184/9444/products/tripleshield_592x.png?v=1626756888,Innisfree - Intensive Triple Shield Sunscreen Spf 50+ Pa+++ 50Ml (2022),Sun Care & Mist,Innisfree,14.00,,,,0
8809416470191,https://assets-cdn.vtenh.com/rails/active_storage/representations/proxy/eyJfcmFpbHMiOnsibWVzc2FnZSI6IkJBaHBBOGM3QkE9PSIsImV4cCI6bnVsbCwicHVyIjoiYmxvYl9pZCJ9fQ==--ad5bf2e79edfb522b77ea4a7786651f22dd9328a/eyJfcmFpbHMiOnsibWVzc2FnZSI6IkJBaDdCem9MWm05eWJXRjBTU0lJYW5CbkJqb0dSVlE2RTNKbGMybDZaVjloYm1SZmNHRmtXd2RwQWxnQ2FRSllBZz09IiwiZXhwIjpudWxsLCJwdXIiOiJ2YXJpYXRpb24ifX0=--3dee1ed9b6e56500806820ced664e44d84074fae/00D3CEB8-89B6-437E-9DE1-77667A9DFB08.jpg?locale=en,Cosrx - Aloe Soothing Sun Cream 50Ml,Sun Care & Mist,Cosrx,10.50,,,,0
8809505541924,https://sokoskins.shop/cdn/shop/files/jm-solution-marine-luminous-pearl-sun-spray-oo35mm_800x.webp?v=1686844368,JMsolution - Marine Luminous Pearl Sun Spray Pearl,Sun Care & Mist,JMsolution,15.00,,,,0
8809576261592,https://cdn.shopify.com/s/files/1/0020/8184/9444/products/skin1004-sun-hyalu-cica-water-fit-sun-serum-spf50-pa-37102207828214_800x_7fd62e47-266d-4203-a382-011a0dd8b357_1200x1200.webp?v=1669364559,Skin1004 - Madagascar Centella Hyalu-Cica Water-Fit Sun Serum 50Ml,Sun Care & Mist,Skin1004,15.00,,,,0
8809517461050,https://m.media-amazon.com/images/I/51HId9rrpJL._SL1500_.jpg,Nacific - Fresh Herb Origin Sun Block,Sun Care & Mist,Nacific,11.00,,,,0
8809747942138,https://d3i908zd4kzakt.cloudfront.net/data/item/1649388577/thumb-7ISg7YGs66a87IKs7KeE_500x500.jpg,Missha - All Around Safe Block Cotton Sun 50Ml Spf50+ Pa++++ 50Ml,Sun Care & Mist,Missha,11.00,,,,0
8809670682019,https://cdn.shopify.com/s/files/1/0020/8184/9444/products/003_550x_ce8f8a8d-8c0e-44ce-a075-8e92bf9c31c7_1024x1024@2x.webp?v=1681224468,Mary & May - Vegan Primer Glow Sun Cream Spf50+ Pa++++ 50Ml,Sun Care & Mist,Mary & May,12.00,,,,0
8809634610119,https://assets.beautyhub.co.ke/wp-content/uploads/2022/06/14135711/axis_y_complete_no_stress_physical_sunscreen_spf_50_50ml_1.jpg,Axis-Y - (Renewal) Complete No-Stress Physical Sunscreen 50Ml,Sun Care & Mist,Axis-Y,12.00,,,,0
8809782554464,https://en.isntree.com/storage/isskin83EN/www/prefix/product/2022/22/O/product.98.165413703477706.jpg,Isntree - Hyaluronic Acid Natural Sun Cream 50Ml,Sun Care & Mist,Isntree,13.00,,,,0
8809647391609,https://d3i908zd4kzakt.cloudfront.net/data/item/1624609334/7Yq466Oo7Iuc7Lm0.jpg,Some By Mi - Truecica Mineral Calming Tone-Up Suncream 50Ml 50Pa++++,Sun Care & Mist,Some By Mi,13.00,,,,0
8809581450615,https://missha.s5.cdn-upgates.com/_cache/6/9/69f328ba5c65ce9fbd9e85ddfa3eeaf6-a-pieu-pure-block-daily-sun-cream-ex-spf50-opalovaci-krem-pro-kazdodenni-pouziti-50-ml.png,Apieu - Pure Block Natural Daily Sun Cream 50Ml Spf 50+ Pa++++,Sun Care & Mist,Apieu,9.00,,,,0
8809566991553,https://cdn.myshoptet.com/usr/www.skinandcare.cz/user/shop/big/801_benton-air-fit-uv-defense-sun-cream.png?64057c50,Bento - Air Fit Uv Defense Sun Cream,Sun Care & Mist,Bento,11.00,,,,0
8809670681609,https://cdn.shopify.com/s/files/1/0020/8184/9444/products/MM_CICAsoothingSunCream_LS_03_720x_5a95e878-e029-4e3d-8c91-bfce85dc31e2_720x.webp?v=1653637869,Mary & May - Cica Soothing Sun Cream Spf50+ Pa++++ 50Ml,Sun Care & Mist,Mary & May,12.00,,,,0
8809913830610,https://cdn.myshoptet.com/usr/www.loveskin.cz/user/shop/big/674-4_teatric.jpg?66afaff4,Skin1004 - Madagascar Centella Tea-Trica Soothing Sun Milk 50Ml,Sun Care & Mist,Skin1004,12.00,,,,0
8809647391951,https://cdn.shopify.com/s/files/1/0020/8184/9444/products/sf-nof-sbm-truecica-aqua-calming-sunscreen_800x_837f0d8a-14f0-4c4c-a85d-ddacc2ec805a_800x.webp?v=1656003534,Some By Mi - Truecica Aqua Calming Suncream 50Ml 50Pa++++,Sun Care & Mist,Some By Mi,13.00,,,,0
8809864766884,https://my-kare.com/cdn/shop/files/Beauty-of-Joseon-Matte-Sun-Stick-Mugwort-Camelia_grande.jpg?v=1713009878,Beauty of Joseon - [Eu] Matte Sun Stick : Mugwort + Camilia  18G,Sun Care & Mist,Beauty of Joseon,12.00,,,,0
8809532221707,https://cosibella.cz/data/gfx/pictures/medium/4/9/18994_1.webp,Haruharu Wonder - Black Rice Moisture Airyfit Daily Sunscreen 50Ml,Sun Care & Mist,Haruharu Wonder,12.00,,,,0
8809532221691,https://tse4.mm.bing.net/th?id=OIP.AxZVr9nf--khebYzrph2-AAAAA&pid=Api,Haruharu Wonder - Black Rice Pure Mineral Relief Daily Sunscreen 50Ml,Sun Care & Mist,Haruharu Wonder,12.00,,,,0
8809652580456,https://cosibella.cz/cze_pl_Numbuzin-No-3-Porcelain-Base-skip-Tone-Up-Beige-Tonovaci-krem-3v1-50-ml-14703_1.webp,Numbuzin - No.3 Porcelain Base-Skip Tone Up Beige 50Ml,Sun Care & Mist,Numbuzin,13.00,,,,0
8809968130277,https://cosibella.cz/data/gfx/pictures/medium/7/4/22547_1.webp,Beauty of Joseon - Relief Sun Aqua-Fresh : Rice + B5 50Ml,Sun Care & Mist,Beauty of Joseon,13.00,,,,0
8806130891684,https://product.hstatic.net/200000530637/product/kem_chong_nang_cnp_laboratory_tone_up_c847224a44344278845a64e940016a7d_master.jpg,CNP Cosmetics - Tone-Up Protection Sun 50Ml,Sun Care & Mist,CNP Cosmetics,15.50,,,,0
8809554849002,https://www.lakrem.cz/assets/images/produkty/full/47216-dermab-everyday-sun-block.jpg,Derma:B - Derma-B Everyday Sun Block Spf50+ Pa++++ 200Ml,Sun Care & Mist,Derma:B,11.50,,,,0
8809668028317,https://dreamskinhaven.co.ke/wp-content/uploads/2022/08/3702_Sunprise_Mild_Watery_Light_50g_01_light-800x800-1.jpg,Etude House - Sunprise Mild Watery Light 50G(21),Sun Care & Mist,Etude House,11.00,,,,0
8809970751125,https://cosibella.cz/cze_pl_Goodal-Houttuynia-Cordata-Calming-Moisture-Sun-Cream-SPF50-PA-Hydratacni-SPF-krem-50-ml-15292_3.webp,Goodal - Houttuynia Cordata Calming Moisture Sun Cream 50Ml,Sun Care & Mist,Goodal,13.00,,,,0
8809486682760,https://larose.care/img/10527/1.jpg,Pyunkang Yul - Moisture Soothing Sun Cream 75Ml,Sun Care & Mist,Pyunkang Yul,11.00,,,,0
8809032673266,https://img.joomcdn.net/f4882a05e8f51202887adb5ede2a709a1f1e5e91_original.jpeg,Skin Food - Berry Glowing Sun Cream 50Ml,Sun Care & Mist,Skin Food,14.00,,,,0
8809032673273,https://img.joomcdn.net/195e4bc3359325af92d4d928a454630291f2605b_original.jpeg,Skin Food - Berry Soothing Sun Cream 50Ml,Sun Care & Mist,Skin Food,14.00,,,,0
8809782555508,https://cdn.stylevana.com/media/catalog/product/cache/1/image/1000x1231/17f82f742ffe127f42dca9de82fb58b1/b/e/beauty-of-joseon-relief-sun-rice-probiotic-50ml-318.jpg,Beauty of Joseon - Relief Sun : Rice + Probiotics 50Ml,Sun Care & Mist,Beauty of Joseon,13.00,,,,0
8809820698174,https://static.ksisters.com/public/skus/z/5c5d0f2ad495a2863de6223666c3051f_poojveh_e6e7dde5.webp,Etude House - Otc) Sunprise Mild Airy Finish Sun Milk 55Ml,Sun Care & Mist,Etude House,14.00,,,,0
8809481760463,https://cdn.webshopapp.com/shops/326488/files/459119370/image.jpg,Heimish - [Renew] Artless Glow Base Spf50+Pa++++,Sun Care & Mist,Heimish,13.00,,,,0
8809652581705,https://cdn.myshoptet.com/usr/www.loveskin.cz/user/shop/big/363-3_numspf0.jpg?66c59b09,Numbuzin - No.1 Clear Filter Sun Essence Spf50+ Pa++++,Sun Care & Mist,Numbuzin,13.00,,,,0
8809486683255,https://d3i908zd4kzakt.cloudfront.net/data/item/1681972764/7Y646rCV7Jyo7YKk7KaI.jpg,Pyunkang Yul - Kids & Baby  Moisture Sun Cream 150Ml,Sun Care & Mist,Pyunkang Yul,16.00,,,,0
8809782551814,https://cdn.myshoptet.com/usr/www.koreankosmetika.cz/user/shop/big/5535-2_birch-juice-moisturizing-sun-cream.png?65783d9a,Round Lab - Eng) Birch Juice Moisturizing Sun Cream 50Ml,Sun Care & Mist,Round Lab,13.00,,,,0
8809686384204,https://cosibella.cz/cze_pl_Isntree-Hyaluronic-Acid-Watery-Sun-Gel-SPF-50-PA-Lehky-krem-s-ochrannym-SPF-faktorem-50-ml-10119_3.webp,Isntree - Hyaluronic Acid Watery Sun Gel 50Ml,Sun Care & Mist,Isntree,13.00,,,,0